{
  "providers": [
    {
      "type": "bitmap",
      "file": "minecraft:font/hub.png",
      "ascent": 0,
      "height": 30,
      "chars": ["\u00DD"]
    },
    {
      "type": "bitmap",
      "file": "minecraft:font/survival.png",
      "ascent": 0,
      "height": 30,
      "chars": ["\u0398"]
    },
    {
      "type": "bitmap",
      "file": "minecraft:font/skyblock.png",
      "ascent": 0,
      "height": 30,
      "chars": ["\u039E"]
    },
    {
      "type": "bitmap",
      "file": "minecraft:font/clock.png",
      "ascent": 9,
      "height": 10,
      "chars": ["\u00D8"]
    },
    {
      "type": "bitmap",
      "file": "minecraft:font/face.png",
      "ascent": 9,
      "height": 10,
      "chars": ["\u00F8"]
    },
    {
      "type": "bitmap",
      "file": "minecraft:font/globe.png",
      "ascent": 9,
      "height": 10,
      "chars": ["\u00EC"]
    },
    {
      "type": "bitmap",
      "file": "minecraft:font/login.png",
      "ascent": 8,
      "height": 10,
      "chars": ["\uFFD5"]
    },
    {
      "type": "bitmap",
      "file": "minecraft:font/logout.png",
      "ascent": 8,
      "height": 10,
      "chars": ["\u00D1"]
    },
    {
      "type": "bitmap",
      "file": "minecraft:font/local.png",
      "ascent": 8,
      "height": 10,
      "chars": ["\u00C1"]
    },
    {
      "type": "bitmap",
      "file": "minecraft:font/global.png",
      "ascent": 8,
      "height": 10,
      "chars": ["\u00C2"]
    },
    {
      "type": "bitmap",
      "file": "minecraft:font/novoreg.png",
      "ascent": 8,
      "height": 10,
      "chars": ["\u038E"]
    },
    {
      "type": "bitmap",
      "file": "minecraft:font/local.png",
      "ascent": 8,
      "height": 10,
      "chars": ["\u0390"]
    },
    {
      "type": "bitmap",
      "file": "minecraft:font/lodger.png",
      "ascent": 8,
      "height": 10,
      "chars": ["\u03BC"]
    },
    {
      "type": "bitmap",
      "file": "minecraft:font/expert.png",
      "ascent": 8,
      "height": 10,
      "chars": ["\u03C2"]
    },
    {
      "type": "bitmap",
      "file": "minecraft:font/guru.png",
      "ascent": 8,
      "height": 10,
      "chars": ["\u03CD"]
    },
    {
      "type": "bitmap",
      "file": "minecraft:font/intelligence.png",
      "ascent": 8,
      "height": 10,
      "chars": ["\u03D0"]
    },
    {
      "type": "bitmap",
      "file": "minecraft:font/unik.png",
      "ascent": 8,
      "height": 10,
      "chars": ["\u03D2"]
    },
    {
      "type": "bitmap",
      "file": "minecraft:font/curator.png",
      "ascent": 8,
      "height": 10,
      "chars": ["\u03D5"]
    },
    {
      "type": "bitmap",
      "file": "minecraft:font/moderator.png",
      "ascent": 8,
      "height": 10,
      "chars": ["\u03D6"]
    },
    {
      "type": "bitmap",
      "file": "minecraft:font/arbitrator.png",
      "ascent": 8,
      "height": 10,
      "chars": ["\u03D7"]
    },
    {
      "type": "bitmap",
      "file": "minecraft:font/chief_moderator.png",
      "ascent": 8,
      "height": 10,
      "chars": ["\u03D8"]
    },
    {
      "type": "bitmap",
      "file": "minecraft:font/chief_arbitrator.png",
      "ascent": 8,
      "height": 10,
      "chars": ["\u03D9"]
    },
    {
      "type": "bitmap",
      "file": "minecraft:font/chief_designer.png",
      "ascent": 8,
      "height": 10,
      "chars": ["\u03DA"]
    }
  ]
}
